"id","first_name","last_name","email","mobile","notes","description","receive_date","active","status",
"1","Jason","Cotton","jasonc@bealscunningham.com","5555555555","This is a test.","General Contact","1583252311","true","read",
"2","John","Doe","jon@email.com","5555555555","This is a test to see.","General Contact","1583252593","true","new",
"3","Jane","Doe","janny.email@email.com","555-555-5555","Hello There world.","General Contact","1583252650","true","new",
"4","James","Smith","jame.smith@email.com","555-444-3333","This is fun.","General Contact","1583252766","true","new",
"5","Alice","Smith","alice.smith@email.com","555-555-5555","This is my test.","General Contact","1583261707","true","new",
"6","Mike","Doe","mike@mail.com","555-333-3333","This is another test.","General Contact","1583261817","true","new",
"7","Joyce","Clay","joycem@bealscunningham.com","555-444-3333","This is a test to see if the API works.","General Contact","1583263418","true","new",
"8","Danny","Way","danny.way@email.com","445-454-4545","This is a test.","General Contact","1583334207","true","new",
"9","Jim","Doe","jim@email.com","555-444-3332","Hello There","General Contact","1583334296","true","new",
